{
	"partitions" : [
		{
			"name" : "Top",
			"pins" : [
				{
					"name" : "columns[0]",
					"strict" : false
				},
				{
					"name" : "columns[1]",
					"strict" : false
				},
				{
					"name" : "columns[2]",
					"strict" : false
				},
				{
					"name" : "Clock",
					"strict" : false
				},
				{
					"name" : "lines[2]",
					"strict" : false
				},
				{
					"name" : "lines[1]",
					"strict" : false
				},
				{
					"name" : "lines[0]",
					"strict" : false
				},
				{
					"name" : "lines[3]",
					"strict" : false
				},
				{
					"name" : "Reset",
					"strict" : false
				},
				{
					"name" : "altera_reserved_tms",
					"strict" : false
				},
				{
					"name" : "altera_reserved_tck",
					"strict" : false
				},
				{
					"name" : "altera_reserved_tdi",
					"strict" : false
				},
				{
					"name" : "altera_reserved_tdo",
					"strict" : false
				}
			]
		}
	]
}